Overall Aware Pencetage(Time),Gender,Age,Occupation,Education,Marital,Parenthood
0.06%(2019-12-31_23-59-59),Female:0.5941; Male:0.4059,[18_24]:0.6040; [25_29]:0.3069; [30_34]:0.0396; [35_39]:0.0495; [40_44]:0.0000; [45_49]:0.0000; [50_54]:0.0000; [55_59]:0.0000; >=60:0.0000,Agriculture_forestry_animalhusbandry_and_fishery:0.0000; Education/Research:0.5743; Hospital staff:0.1089; Company employee:0.2376; Government employee:0.0396; Individual operation/Service staff:0.0396; Worker:0.0000,College_or_Lower:0.1782; Bachelor:0.6931; Graduate:0.1287,Unmarried:0.7426; Married:0.2574,NoChild:0.0891; Has Child:0.9109
0.09%(2020-01-05_23-59-59),Female:0.5423; Male:0.4577,[18_24]:0.5986; [25_29]:0.3169; [30_34]:0.0352; [35_39]:0.0493; [40_44]:0.0000; [45_49]:0.0000; [50_54]:0.0000; [55_59]:0.0000; >=60:0.0000,Agriculture_forestry_animalhusbandry_and_fishery:0.0000; Education/Research:0.5634; Hospital staff:0.0845; Company employee:0.2606; Government employee:0.0423; Individual operation/Service staff:0.0423; Worker:0.0070,College_or_Lower:0.1761; Bachelor:0.6901; Graduate:0.1338,Unmarried:0.7254; Married:0.2746,NoChild:0.0915; Has Child:0.9085
0.31%(2020-01-19_23-59-59),Female:0.6866; Male:0.3134,[18_24]:0.4578; [25_29]:0.4316; [30_34]:0.0937; [35_39]:0.0154; [40_44]:0.0000; [45_49]:0.0015; [50_54]:0.0000; [55_59]:0.0000; >=60:0.0000,Agriculture_forestry_animalhusbandry_and_fishery:0.0000; Education/Research:0.4240; Hospital staff:0.0968; Company employee:0.3717; Government employee:0.0338; Individual operation/Service staff:0.0645; Worker:0.0092,College_or_Lower:0.1459; Bachelor:0.6943; Graduate:0.1598,Unmarried:0.7081; Married:0.2919,NoChild:0.0707; Has Child:0.9293
1%(2020-01-20_16-37-17),Female:0.7279; Male:0.2721,[18_24]:0.4876; [25_29]:0.4037; [30_34]:0.0973; [35_39]:0.0104; [40_44]:0.0004; [45_49]:0.0004; [50_54]:0.0000; [55_59]:0.0000; >=60:0.0000,Agriculture_forestry_animalhusbandry_and_fishery:0.0004; Education/Research:0.4242; Hospital staff:0.0721; Company employee:0.3837; Government employee:0.0296; Individual operation/Service staff:0.0761; Worker:0.0139,College_or_Lower:0.1499; Bachelor:0.7162; Graduate:0.1339,Unmarried:0.6897; Married:0.3103,NoChild:0.0717; Has Child:0.9283
1.89%(2020-01-20_23-59-59),Female:0.7138; Male:0.2862,[18_24]:0.5207; [25_29]:0.3703; [30_34]:0.0980; [35_39]:0.0103; [40_44]:0.0005; [45_49]:0.0002; [50_54]:0.0000; [55_59]:0.0000; >=60:0.0000,Agriculture_forestry_animalhusbandry_and_fishery:0.0002; Education/Research:0.4641; Hospital staff:0.0625; Company employee:0.3565; Government employee:0.0296; Individual operation/Service staff:0.0735; Worker:0.0135,College_or_Lower:0.1654; Bachelor:0.7116; Graduate:0.1230,Unmarried:0.6964; Married:0.3036,NoChild:0.0747; Has Child:0.9253
2%(2020-01-21_00-36-13),Female:0.7072; Male:0.2928,[18_24]:0.5234; [25_29]:0.3679; [30_34]:0.0980; [35_39]:0.0100; [40_44]:0.0005; [45_49]:0.0002; [50_54]:0.0000; [55_59]:0.0000; >=60:0.0000,Agriculture_forestry_animalhusbandry_and_fishery:0.0002; Education/Research:0.4680; Hospital staff:0.0612; Company employee:0.3540; Government employee:0.0293; Individual operation/Service staff:0.0740; Worker:0.0133,College_or_Lower:0.1676; Bachelor:0.7133; Graduate:0.1192,Unmarried:0.6993; Married:0.3007,NoChild:0.0745; Has Child:0.9255
3%(2020-01-21_10-29-40),Female:0.6897; Male:0.3103,[18_24]:0.5330; [25_29]:0.3649; [30_34]:0.0925; [35_39]:0.0088; [40_44]:0.0005; [45_49]:0.0002; [50_54]:0.0002; [55_59]:0.0000; >=60:0.0000,Agriculture_forestry_animalhusbandry_and_fishery:0.0002; Education/Research:0.4735; Hospital staff:0.0592; Company employee:0.3435; Government employee:0.0319; Individual operation/Service staff:0.0779; Worker:0.0138,College_or_Lower:0.1862; Bachelor:0.7014; Graduate:0.1124,Unmarried:0.7052; Married:0.2948,NoChild:0.0776; Has Child:0.9224
4%(2020-01-21_13-04-33),Female:0.6805; Male:0.3195,[18_24]:0.5494; [25_29]:0.3552; [30_34]:0.0865; [35_39]:0.0080; [40_44]:0.0004; [45_49]:0.0002; [50_54]:0.0001; [55_59]:0.0001; >=60:0.0000,Agriculture_forestry_animalhusbandry_and_fishery:0.0001; Education/Research:0.4778; Hospital staff:0.0588; Company employee:0.3365; Government employee:0.0313; Individual operation/Service staff:0.0819; Worker:0.0136,College_or_Lower:0.2000; Bachelor:0.6968; Graduate:0.1033,Unmarried:0.7179; Married:0.2821,NoChild:0.0758; Has Child:0.9242
5%(2020-01-21_16-07-21),Female:0.6780; Male:0.3220,[18_24]:0.5588; [25_29]:0.3477; [30_34]:0.0847; [35_39]:0.0078; [40_44]:0.0003; [45_49]:0.0002; [50_54]:0.0002; [55_59]:0.0001; >=60:0.0001,Agriculture_forestry_animalhusbandry_and_fishery:0.0003; Education/Research:0.4870; Hospital staff:0.0585; Company employee:0.3272; Government employee:0.0334; Individual operation/Service staff:0.0813; Worker:0.0122,College_or_Lower:0.2046; Bachelor:0.6976; Graduate:0.0978,Unmarried:0.7210; Married:0.2790,NoChild:0.0760; Has Child:0.9240
6%(2020-01-21_19-19-31),Female:0.6733; Male:0.3267,[18_24]:0.5701; [25_29]:0.3380; [30_34]:0.0835; [35_39]:0.0075; [40_44]:0.0003; [45_49]:0.0003; [50_54]:0.0002; [55_59]:0.0001; >=60:0.0001,Agriculture_forestry_animalhusbandry_and_fishery:0.0003; Education/Research:0.4953; Hospital staff:0.0596; Company employee:0.3176; Government employee:0.0330; Individual operation/Service staff:0.0817; Worker:0.0125,College_or_Lower:0.2100; Bachelor:0.6960; Graduate:0.0940,Unmarried:0.7282; Married:0.2718,NoChild:0.0763; Has Child:0.9237
7%(2020-01-21_21-53-57),Female:0.6734; Male:0.3266,[18_24]:0.5800; [25_29]:0.3295; [30_34]:0.0820; [35_39]:0.0076; [40_44]:0.0003; [45_49]:0.0003; [50_54]:0.0001; [55_59]:0.0001; >=60:0.0001,Agriculture_forestry_animalhusbandry_and_fishery:0.0002; Education/Research:0.5061; Hospital staff:0.0587; Company employee:0.3086; Government employee:0.0320; Individual operation/Service staff:0.0822; Worker:0.0122,College_or_Lower:0.2162; Bachelor:0.6926; Graduate:0.0913,Unmarried:0.7344; Married:0.2656,NoChild:0.0766; Has Child:0.9234
8%(2020-01-22_00-27-37),Female:0.6738; Male:0.3262,[18_24]:0.5873; [25_29]:0.3238; [30_34]:0.0805; [35_39]:0.0076; [40_44]:0.0003; [45_49]:0.0003; [50_54]:0.0001; [55_59]:0.0001; >=60:0.0001,Agriculture_forestry_animalhusbandry_and_fishery:0.0003; Education/Research:0.5148; Hospital staff:0.0581; Company employee:0.3009; Government employee:0.0313; Individual operation/Service staff:0.0826; Worker:0.0121,College_or_Lower:0.2236; Bachelor:0.6868; Graduate:0.0896,Unmarried:0.7367; Married:0.2633,NoChild:0.0765; Has Child:0.9235
9%(2020-01-22_09-01-34),Female:0.6742; Male:0.3258,[18_24]:0.5882; [25_29]:0.3227; [30_34]:0.0807; [35_39]:0.0076; [40_44]:0.0004; [45_49]:0.0002; [50_54]:0.0001; [55_59]:0.0001; >=60:0.0001,Agriculture_forestry_animalhusbandry_and_fishery:0.0003; Education/Research:0.5135; Hospital staff:0.0569; Company employee:0.3006; Government employee:0.0326; Individual operation/Service staff:0.0836; Worker:0.0124,College_or_Lower:0.2267; Bachelor:0.6846; Graduate:0.0887,Unmarried:0.7369; Married:0.2631,NoChild:0.0768; Has Child:0.9232
10%(2020-01-22_10-34-39),Female:0.6754; Male:0.3246,[18_24]:0.5936; [25_29]:0.3186; [30_34]:0.0796; [35_39]:0.0073; [40_44]:0.0004; [45_49]:0.0002; [50_54]:0.0001; [55_59]:0.0001; >=60:0.0001,Agriculture_forestry_animalhusbandry_and_fishery:0.0004; Education/Research:0.5179; Hospital staff:0.0559; Company employee:0.2977; Government employee:0.0323; Individual operation/Service staff:0.0834; Worker:0.0125,College_or_Lower:0.2275; Bachelor:0.6849; Graduate:0.0876,Unmarried:0.7417; Married:0.2583,NoChild:0.0777; Has Child:0.9223
11%(2020-01-22_11-53-46),Female:0.6744; Male:0.3256,[18_24]:0.5975; [25_29]:0.3163; [30_34]:0.0779; [35_39]:0.0075; [40_44]:0.0004; [45_49]:0.0002; [50_54]:0.0001; [55_59]:0.0000; >=60:0.0000,Agriculture_forestry_animalhusbandry_and_fishery:0.0004; Education/Research:0.5216; Hospital staff:0.0544; Company employee:0.2942; Government employee:0.0325; Individual operation/Service staff:0.0844; Worker:0.0124,College_or_Lower:0.2300; Bachelor:0.6834; Graduate:0.0866,Unmarried:0.7446; Married:0.2554,NoChild:0.0784; Has Child:0.9216
12%(2020-01-22_13-17-47),Female:0.6731; Male:0.3269,[18_24]:0.6034; [25_29]:0.3120; [30_34]:0.0766; [35_39]:0.0072; [40_44]:0.0004; [45_49]:0.0002; [50_54]:0.0001; [55_59]:0.0000; >=60:0.0000,Agriculture_forestry_animalhusbandry_and_fishery:0.0004; Education/Research:0.5250; Hospital staff:0.0540; Company employee:0.2907; Government employee:0.0322; Individual operation/Service staff:0.0850; Worker:0.0126,College_or_Lower:0.2324; Bachelor:0.6837; Graduate:0.0839,Unmarried:0.7488; Married:0.2512,NoChild:0.0780; Has Child:0.9220
13%(2020-01-22_14-58-42),Female:0.6725; Male:0.3275,[18_24]:0.6074; [25_29]:0.3098; [30_34]:0.0751; [35_39]:0.0070; [40_44]:0.0003; [45_49]:0.0002; [50_54]:0.0001; [55_59]:0.0000; >=60:0.0000,Agriculture_forestry_animalhusbandry_and_fishery:0.0004; Education/Research:0.5285; Hospital staff:0.0535; Company employee:0.2877; Government employee:0.0315; Individual operation/Service staff:0.0857; Worker:0.0126,College_or_Lower:0.2341; Bachelor:0.6832; Graduate:0.0827,Unmarried:0.7513; Married:0.2487,NoChild:0.0776; Has Child:0.9224
14%(2020-01-22_16-56-52),Female:0.6698; Male:0.3302,[18_24]:0.6095; [25_29]:0.3080; [30_34]:0.0748; [35_39]:0.0070; [40_44]:0.0004; [45_49]:0.0002; [50_54]:0.0001; [55_59]:0.0000; >=60:0.0000,Agriculture_forestry_animalhusbandry_and_fishery:0.0004; Education/Research:0.5308; Hospital staff:0.0534; Company employee:0.2845; Government employee:0.0317; Individual operation/Service staff:0.0864; Worker:0.0129,College_or_Lower:0.2377; Bachelor:0.6801; Graduate:0.0822,Unmarried:0.7522; Married:0.2478,NoChild:0.0783; Has Child:0.9217
15%(2020-01-22_18-58-46),Female:0.6680; Male:0.3320,[18_24]:0.6137; [25_29]:0.3050; [30_34]:0.0737; [35_39]:0.0068; [40_44]:0.0004; [45_49]:0.0002; [50_54]:0.0001; [55_59]:0.0000; >=60:0.0000,Agriculture_forestry_animalhusbandry_and_fishery:0.0004; Education/Research:0.5347; Hospital staff:0.0531; Company employee:0.2814; Government employee:0.0315; Individual operation/Service staff:0.0862; Worker:0.0127,College_or_Lower:0.2414; Bachelor:0.6778; Graduate:0.0808,Unmarried:0.7545; Married:0.2455,NoChild:0.0784; Has Child:0.9216
16%(2020-01-22_20-49-47),Female:0.6669; Male:0.3331,[18_24]:0.6176; [25_29]:0.3023; [30_34]:0.0727; [35_39]:0.0066; [40_44]:0.0004; [45_49]:0.0002; [50_54]:0.0001; [55_59]:0.0000; >=60:0.0000,Agriculture_forestry_animalhusbandry_and_fishery:0.0004; Education/Research:0.5374; Hospital staff:0.0527; Company employee:0.2795; Government employee:0.0312; Individual operation/Service staff:0.0863; Worker:0.0125,College_or_Lower:0.2452; Bachelor:0.6748; Graduate:0.0799,Unmarried:0.7566; Married:0.2434,NoChild:0.0791; Has Child:0.9209
17%(2020-01-22_22-42-06),Female:0.6654; Male:0.3346,[18_24]:0.6198; [25_29]:0.3006; [30_34]:0.0723; [35_39]:0.0065; [40_44]:0.0004; [45_49]:0.0002; [50_54]:0.0001; [55_59]:0.0000; >=60:0.0000,Agriculture_forestry_animalhusbandry_and_fishery:0.0003; Education/Research:0.5399; Hospital staff:0.0528; Company employee:0.2778; Government employee:0.0311; Individual operation/Service staff:0.0858; Worker:0.0124,College_or_Lower:0.2484; Bachelor:0.6728; Graduate:0.0788,Unmarried:0.7579; Married:0.2421,NoChild:0.0801; Has Child:0.9199
18%(2020-01-23_01-13-51),Female:0.6637; Male:0.3363,[18_24]:0.6220; [25_29]:0.2993; [30_34]:0.0715; [35_39]:0.0064; [40_44]:0.0004; [45_49]:0.0002; [50_54]:0.0001; [55_59]:0.0000; >=60:0.0000,Agriculture_forestry_animalhusbandry_and_fishery:0.0003; Education/Research:0.5423; Hospital staff:0.0524; Company employee:0.2759; Government employee:0.0306; Individual operation/Service staff:0.0860; Worker:0.0125,College_or_Lower:0.2513; Bachelor:0.6706; Graduate:0.0781,Unmarried:0.7600; Married:0.2400,NoChild:0.0804; Has Child:0.9196
19%(2020-01-23_09-08-58),Female:0.6619; Male:0.3381,[18_24]:0.6213; [25_29]:0.3003; [30_34]:0.0715; [35_39]:0.0062; [40_44]:0.0004; [45_49]:0.0002; [50_54]:0.0001; [55_59]:0.0000; >=60:0.0000,Agriculture_forestry_animalhusbandry_and_fishery:0.0003; Education/Research:0.5414; Hospital staff:0.0523; Company employee:0.2767; Government employee:0.0304; Individual operation/Service staff:0.0862; Worker:0.0127,College_or_Lower:0.2522; Bachelor:0.6703; Graduate:0.0775,Unmarried:0.7598; Married:0.2402,NoChild:0.0810; Has Child:0.9190
20%(2020-01-23_11-12-27),Female:0.6600; Male:0.3400,[18_24]:0.6210; [25_29]:0.3002; [30_34]:0.0718; [35_39]:0.0063; [40_44]:0.0004; [45_49]:0.0002; [50_54]:0.0001; [55_59]:0.0000; >=60:0.0000,Agriculture_forestry_animalhusbandry_and_fishery:0.0004; Education/Research:0.5414; Hospital staff:0.0520; Company employee:0.2764; Government employee:0.0304; Individual operation/Service staff:0.0866; Worker:0.0128,College_or_Lower:0.2531; Bachelor:0.6693; Graduate:0.0776,Unmarried:0.7605; Married:0.2395,NoChild:0.0813; Has Child:0.9187
21%(2020-01-23_12-59-38),Female:0.6576; Male:0.3424,[18_24]:0.6226; [25_29]:0.2993; [30_34]:0.0710; [35_39]:0.0064; [40_44]:0.0004; [45_49]:0.0002; [50_54]:0.0001; [55_59]:0.0000; >=60:0.0000,Agriculture_forestry_animalhusbandry_and_fishery:0.0004; Education/Research:0.5430; Hospital staff:0.0518; Company employee:0.2752; Government employee:0.0305; Individual operation/Service staff:0.0864; Worker:0.0128,College_or_Lower:0.2554; Bachelor:0.6682; Graduate:0.0765,Unmarried:0.7618; Married:0.2382,NoChild:0.0816; Has Child:0.9184
22%(2020-01-23_14-41-20),Female:0.6572; Male:0.3428,[18_24]:0.6232; [25_29]:0.2990; [30_34]:0.0706; [35_39]:0.0064; [40_44]:0.0004; [45_49]:0.0002; [50_54]:0.0001; [55_59]:0.0000; >=60:0.0001,Agriculture_forestry_animalhusbandry_and_fishery:0.0004; Education/Research:0.5442; Hospital staff:0.0514; Company employee:0.2742; Government employee:0.0306; Individual operation/Service staff:0.0866; Worker:0.0126,College_or_Lower:0.2559; Bachelor:0.6681; Graduate:0.0760,Unmarried:0.7619; Married:0.2381,NoChild:0.0818; Has Child:0.9182
23%(2020-01-23_16-23-17),Female:0.6568; Male:0.3432,[18_24]:0.6239; [25_29]:0.2982; [30_34]:0.0708; [35_39]:0.0063; [40_44]:0.0004; [45_49]:0.0002; [50_54]:0.0001; [55_59]:0.0001; >=60:0.0001,Agriculture_forestry_animalhusbandry_and_fishery:0.0004; Education/Research:0.5443; Hospital staff:0.0512; Company employee:0.2735; Government employee:0.0309; Individual operation/Service staff:0.0868; Worker:0.0129,College_or_Lower:0.2573; Bachelor:0.6671; Graduate:0.0756,Unmarried:0.7620; Married:0.2380,NoChild:0.0822; Has Child:0.9178
24%(2020-01-23_18-08-23),Female:0.6543; Male:0.3457,[18_24]:0.6248; [25_29]:0.2974; [30_34]:0.0707; [35_39]:0.0063; [40_44]:0.0004; [45_49]:0.0002; [50_54]:0.0001; [55_59]:0.0001; >=60:0.0001,Agriculture_forestry_animalhusbandry_and_fishery:0.0004; Education/Research:0.5448; Hospital staff:0.0510; Company employee:0.2729; Government employee:0.0306; Individual operation/Service staff:0.0872; Worker:0.0130,College_or_Lower:0.2596; Bachelor:0.6654; Graduate:0.0750,Unmarried:0.7623; Married:0.2377,NoChild:0.0825; Has Child:0.9175
25%(2020-01-23_19-49-38),Female:0.6535; Male:0.3465,[18_24]:0.6259; [25_29]:0.2966; [30_34]:0.0705; [35_39]:0.0062; [40_44]:0.0004; [45_49]:0.0002; [50_54]:0.0001; [55_59]:0.0000; >=60:0.0000,Agriculture_forestry_animalhusbandry_and_fishery:0.0004; Education/Research:0.5448; Hospital staff:0.0510; Company employee:0.2723; Government employee:0.0306; Individual operation/Service staff:0.0877; Worker:0.0133,College_or_Lower:0.2603; Bachelor:0.6648; Graduate:0.0749,Unmarried:0.7631; Married:0.2369,NoChild:0.0828; Has Child:0.9172
26%(2020-01-23_21-30-38),Female:0.6527; Male:0.3473,[18_24]:0.6258; [25_29]:0.2969; [30_34]:0.0704; [35_39]:0.0062; [40_44]:0.0004; [45_49]:0.0002; [50_54]:0.0001; [55_59]:0.0000; >=60:0.0000,Agriculture_forestry_animalhusbandry_and_fishery:0.0004; Education/Research:0.5445; Hospital staff:0.0510; Company employee:0.2722; Government employee:0.0306; Individual operation/Service staff:0.0879; Worker:0.0135,College_or_Lower:0.2625; Bachelor:0.6631; Graduate:0.0743,Unmarried:0.7630; Married:0.2370,NoChild:0.0830; Has Child:0.9170
27%(2020-01-23_23-06-44),Female:0.6513; Male:0.3487,[18_24]:0.6254; [25_29]:0.2972; [30_34]:0.0704; [35_39]:0.0062; [40_44]:0.0004; [45_49]:0.0002; [50_54]:0.0001; [55_59]:0.0000; >=60:0.0000,Agriculture_forestry_animalhusbandry_and_fishery:0.0004; Education/Research:0.5440; Hospital staff:0.0507; Company employee:0.2724; Government employee:0.0307; Individual operation/Service staff:0.0882; Worker:0.0136,College_or_Lower:0.2647; Bachelor:0.6614; Graduate:0.0739,Unmarried:0.7624; Married:0.2376,NoChild:0.0830; Has Child:0.9170
27.46%(2020-01-23_23-59-59),Female:0.6508; Male:0.3492,[18_24]:0.6256; [25_29]:0.2970; [30_34]:0.0705; [35_39]:0.0062; [40_44]:0.0004; [45_49]:0.0002; [50_54]:0.0001; [55_59]:0.0000; >=60:0.0000,Agriculture_forestry_animalhusbandry_and_fishery:0.0004; Education/Research:0.5437; Hospital staff:0.0508; Company employee:0.2723; Government employee:0.0306; Individual operation/Service staff:0.0885; Worker:0.0136,College_or_Lower:0.2657; Bachelor:0.6605; Graduate:0.0737,Unmarried:0.7622; Married:0.2378,NoChild:0.0831; Has Child:0.9169
28%(2020-01-24_02-34-13),Female:0.6497; Male:0.3503,[18_24]:0.6263; [25_29]:0.2964; [30_34]:0.0704; [35_39]:0.0062; [40_44]:0.0004; [45_49]:0.0002; [50_54]:0.0001; [55_59]:0.0000; >=60:0.0000,Agriculture_forestry_animalhusbandry_and_fishery:0.0004; Education/Research:0.5439; Hospital staff:0.0507; Company employee:0.2718; Government employee:0.0306; Individual operation/Service staff:0.0889; Worker:0.0137,College_or_Lower:0.2670; Bachelor:0.6596; Graduate:0.0734,Unmarried:0.7624; Married:0.2376,NoChild:0.0835; Has Child:0.9165
29%(2020-01-24_10-15-08),Female:0.6493; Male:0.3507,[18_24]:0.6249; [25_29]:0.2974; [30_34]:0.0708; [35_39]:0.0062; [40_44]:0.0004; [45_49]:0.0002; [50_54]:0.0001; [55_59]:0.0000; >=60:0.0000,Agriculture_forestry_animalhusbandry_and_fishery:0.0004; Education/Research:0.5432; Hospital staff:0.0507; Company employee:0.2723; Government employee:0.0307; Individual operation/Service staff:0.0891; Worker:0.0137,College_or_Lower:0.2677; Bachelor:0.6589; Graduate:0.0734,Unmarried:0.7613; Married:0.2387,NoChild:0.0837; Has Child:0.9163
30%(2020-01-24_12-53-16),Female:0.6488; Male:0.3512,[18_24]:0.6248; [25_29]:0.2974; [30_34]:0.0709; [35_39]:0.0061; [40_44]:0.0003; [45_49]:0.0002; [50_54]:0.0001; [55_59]:0.0000; >=60:0.0000,Agriculture_forestry_animalhusbandry_and_fishery:0.0004; Education/Research:0.5431; Hospital staff:0.0509; Company employee:0.2719; Government employee:0.0307; Individual operation/Service staff:0.0894; Worker:0.0136,College_or_Lower:0.2684; Bachelor:0.6586; Graduate:0.0730,Unmarried:0.7616; Married:0.2384,NoChild:0.0838; Has Child:0.9162
31%(2020-01-24_15-38-25),Female:0.6484; Male:0.3516,[18_24]:0.6241; [25_29]:0.2979; [30_34]:0.0713; [35_39]:0.0061; [40_44]:0.0003; [45_49]:0.0002; [50_54]:0.0001; [55_59]:0.0000; >=60:0.0000,Agriculture_forestry_animalhusbandry_and_fishery:0.0004; Education/Research:0.5429; Hospital staff:0.0508; Company employee:0.2721; Government employee:0.0306; Individual operation/Service staff:0.0896; Worker:0.0136,College_or_Lower:0.2686; Bachelor:0.6585; Graduate:0.0729,Unmarried:0.7613; Married:0.2387,NoChild:0.0843; Has Child:0.9157
32%(2020-01-24_18-48-53),Female:0.6479; Male:0.3521,[18_24]:0.6244; [25_29]:0.2976; [30_34]:0.0712; [35_39]:0.0060; [40_44]:0.0003; [45_49]:0.0002; [50_54]:0.0001; [55_59]:0.0000; >=60:0.0000,Agriculture_forestry_animalhusbandry_and_fishery:0.0004; Education/Research:0.5431; Hospital staff:0.0509; Company employee:0.2717; Government employee:0.0304; Individual operation/Service staff:0.0898; Worker:0.0137,College_or_Lower:0.2699; Bachelor:0.6572; Graduate:0.0729,Unmarried:0.7616; Married:0.2384,NoChild:0.0847; Has Child:0.9153
33%(2020-01-24_23-10-56),Female:0.6467; Male:0.3533,[18_24]:0.6249; [25_29]:0.2970; [30_34]:0.0714; [35_39]:0.0060; [40_44]:0.0003; [45_49]:0.0002; [50_54]:0.0001; [55_59]:0.0000; >=60:0.0000,Agriculture_forestry_animalhusbandry_and_fishery:0.0004; Education/Research:0.5433; Hospital staff:0.0507; Company employee:0.2716; Government employee:0.0304; Individual operation/Service staff:0.0899; Worker:0.0137,College_or_Lower:0.2704; Bachelor:0.6569; Graduate:0.0727,Unmarried:0.7619; Married:0.2381,NoChild:0.0850; Has Child:0.9150
33.31%(2020-01-24_23-59-59),Female:0.6460; Male:0.3540,[18_24]:0.6250; [25_29]:0.2970; [30_34]:0.0714; [35_39]:0.0060; [40_44]:0.0003; [45_49]:0.0002; [50_54]:0.0001; [55_59]:0.0000; >=60:0.0000,Agriculture_forestry_animalhusbandry_and_fishery:0.0004; Education/Research:0.5433; Hospital staff:0.0508; Company employee:0.2715; Government employee:0.0303; Individual operation/Service staff:0.0900; Worker:0.0137,College_or_Lower:0.2708; Bachelor:0.6566; Graduate:0.0726,Unmarried:0.7620; Married:0.2380,NoChild:0.0851; Has Child:0.9149
34%(2020-01-25_03-16-17),Female:0.6456; Male:0.3544,[18_24]:0.6250; [25_29]:0.2970; [30_34]:0.0713; [35_39]:0.0060; [40_44]:0.0003; [45_49]:0.0002; [50_54]:0.0001; [55_59]:0.0000; >=60:0.0000,Agriculture_forestry_animalhusbandry_and_fishery:0.0004; Education/Research:0.5428; Hospital staff:0.0506; Company employee:0.2721; Government employee:0.0303; Individual operation/Service staff:0.0902; Worker:0.0137,College_or_Lower:0.2717; Bachelor:0.6561; Graduate:0.0722,Unmarried:0.7620; Married:0.2380,NoChild:0.0852; Has Child:0.9148
35%(2020-01-25_10-24-22),Female:0.6447; Male:0.3553,[18_24]:0.6249; [25_29]:0.2970; [30_34]:0.0715; [35_39]:0.0060; [40_44]:0.0003; [45_49]:0.0002; [50_54]:0.0001; [55_59]:0.0000; >=60:0.0000,Agriculture_forestry_animalhusbandry_and_fishery:0.0004; Education/Research:0.5421; Hospital staff:0.0506; Company employee:0.2722; Government employee:0.0303; Individual operation/Service staff:0.0907; Worker:0.0137,College_or_Lower:0.2730; Bachelor:0.6549; Graduate:0.0720,Unmarried:0.7619; Married:0.2381,NoChild:0.0853; Has Child:0.9147
36%(2020-01-25_12-05-03),Female:0.6432; Male:0.3568,[18_24]:0.6252; [25_29]:0.2970; [30_34]:0.0713; [35_39]:0.0059; [40_44]:0.0003; [45_49]:0.0002; [50_54]:0.0001; [55_59]:0.0000; >=60:0.0000,Agriculture_forestry_animalhusbandry_and_fishery:0.0004; Education/Research:0.5418; Hospital staff:0.0505; Company employee:0.2723; Government employee:0.0304; Individual operation/Service staff:0.0907; Worker:0.0139,College_or_Lower:0.2738; Bachelor:0.6544; Graduate:0.0718,Unmarried:0.7625; Married:0.2375,NoChild:0.0854; Has Child:0.9146
37%(2020-01-25_13-27-48),Female:0.6425; Male:0.3575,[18_24]:0.6254; [25_29]:0.2968; [30_34]:0.0713; [35_39]:0.0059; [40_44]:0.0003; [45_49]:0.0002; [50_54]:0.0001; [55_59]:0.0000; >=60:0.0000,Agriculture_forestry_animalhusbandry_and_fishery:0.0004; Education/Research:0.5415; Hospital staff:0.0504; Company employee:0.2724; Government employee:0.0305; Individual operation/Service staff:0.0909; Worker:0.0140,College_or_Lower:0.2754; Bachelor:0.6531; Graduate:0.0715,Unmarried:0.7625; Married:0.2375,NoChild:0.0855; Has Child:0.9145
38%(2020-01-25_14-50-47),Female:0.6420; Male:0.3580,[18_24]:0.6251; [25_29]:0.2965; [30_34]:0.0717; [35_39]:0.0060; [40_44]:0.0003; [45_49]:0.0002; [50_54]:0.0001; [55_59]:0.0000; >=60:0.0000,Agriculture_forestry_animalhusbandry_and_fishery:0.0003; Education/Research:0.5408; Hospital staff:0.0503; Company employee:0.2730; Government employee:0.0304; Individual operation/Service staff:0.0911; Worker:0.0140,College_or_Lower:0.2771; Bachelor:0.6516; Graduate:0.0713,Unmarried:0.7621; Married:0.2379,NoChild:0.0855; Has Child:0.9145
39%(2020-01-25_16-15-43),Female:0.6417; Male:0.3583,[18_24]:0.6248; [25_29]:0.2965; [30_34]:0.0720; [35_39]:0.0060; [40_44]:0.0003; [45_49]:0.0002; [50_54]:0.0001; [55_59]:0.0000; >=60:0.0000,Agriculture_forestry_animalhusbandry_and_fishery:0.0003; Education/Research:0.5407; Hospital staff:0.0502; Company employee:0.2728; Government employee:0.0305; Individual operation/Service staff:0.0913; Worker:0.0141,College_or_Lower:0.2780; Bachelor:0.6509; Graduate:0.0710,Unmarried:0.7621; Married:0.2379,NoChild:0.0857; Has Child:0.9143
40%(2020-01-25_17-31-48),Female:0.6412; Male:0.3588,[18_24]:0.6251; [25_29]:0.2963; [30_34]:0.0720; [35_39]:0.0060; [40_44]:0.0003; [45_49]:0.0002; [50_54]:0.0001; [55_59]:0.0000; >=60:0.0000,Agriculture_forestry_animalhusbandry_and_fishery:0.0003; Education/Research:0.5406; Hospital staff:0.0501; Company employee:0.2730; Government employee:0.0306; Individual operation/Service staff:0.0914; Worker:0.0140,College_or_Lower:0.2793; Bachelor:0.6498; Graduate:0.0709,Unmarried:0.7622; Married:0.2378,NoChild:0.0858; Has Child:0.9142
41%(2020-01-25_18-40-46),Female:0.6401; Male:0.3599,[18_24]:0.6253; [25_29]:0.2961; [30_34]:0.0719; [35_39]:0.0060; [40_44]:0.0003; [45_49]:0.0002; [50_54]:0.0001; [55_59]:0.0000; >=60:0.0000,Agriculture_forestry_animalhusbandry_and_fishery:0.0003; Education/Research:0.5408; Hospital staff:0.0503; Company employee:0.2728; Government employee:0.0307; Individual operation/Service staff:0.0911; Worker:0.0140,College_or_Lower:0.2804; Bachelor:0.6488; Graduate:0.0708,Unmarried:0.7622; Married:0.2378,NoChild:0.0862; Has Child:0.9138
42%(2020-01-25_19-42-33),Female:0.6395; Male:0.3605,[18_24]:0.6254; [25_29]:0.2959; [30_34]:0.0720; [35_39]:0.0060; [40_44]:0.0003; [45_49]:0.0002; [50_54]:0.0001; [55_59]:0.0000; >=60:0.0000,Agriculture_forestry_animalhusbandry_and_fishery:0.0003; Education/Research:0.5409; Hospital staff:0.0503; Company employee:0.2727; Government employee:0.0308; Individual operation/Service staff:0.0911; Worker:0.0139,College_or_Lower:0.2813; Bachelor:0.6483; Graduate:0.0704,Unmarried:0.7627; Married:0.2373,NoChild:0.0866; Has Child:0.9134
43%(2020-01-25_20-43-55),Female:0.6388; Male:0.3612,[18_24]:0.6257; [25_29]:0.2957; [30_34]:0.0719; [35_39]:0.0060; [40_44]:0.0003; [45_49]:0.0002; [50_54]:0.0001; [55_59]:0.0000; >=60:0.0000,Agriculture_forestry_animalhusbandry_and_fishery:0.0003; Education/Research:0.5407; Hospital staff:0.0503; Company employee:0.2725; Government employee:0.0308; Individual operation/Service staff:0.0911; Worker:0.0142,College_or_Lower:0.2829; Bachelor:0.6471; Graduate:0.0700,Unmarried:0.7628; Married:0.2372,NoChild:0.0869; Has Child:0.9131
44%(2020-01-25_21-47-55),Female:0.6385; Male:0.3615,[18_24]:0.6257; [25_29]:0.2955; [30_34]:0.0721; [35_39]:0.0061; [40_44]:0.0003; [45_49]:0.0002; [50_54]:0.0001; [55_59]:0.0000; >=60:0.0000,Agriculture_forestry_animalhusbandry_and_fishery:0.0003; Education/Research:0.5401; Hospital staff:0.0504; Company employee:0.2728; Government employee:0.0309; Individual operation/Service staff:0.0914; Worker:0.0141,College_or_Lower:0.2845; Bachelor:0.6457; Graduate:0.0698,Unmarried:0.7626; Married:0.2374,NoChild:0.0868; Has Child:0.9132
45%(2020-01-25_22-57-48),Female:0.6378; Male:0.3622,[18_24]:0.6254; [25_29]:0.2957; [30_34]:0.0721; [35_39]:0.0061; [40_44]:0.0003; [45_49]:0.0002; [50_54]:0.0001; [55_59]:0.0000; >=60:0.0000,Agriculture_forestry_animalhusbandry_and_fishery:0.0003; Education/Research:0.5398; Hospital staff:0.0506; Company employee:0.2728; Government employee:0.0309; Individual operation/Service staff:0.0915; Worker:0.0140,College_or_Lower:0.2856; Bachelor:0.6448; Graduate:0.0696,Unmarried:0.7626; Married:0.2374,NoChild:0.0868; Has Child:0.9132
45.64%(2020-01-25_23-59-59),Female:0.6376; Male:0.3624,[18_24]:0.6251; [25_29]:0.2957; [30_34]:0.0725; [35_39]:0.0061; [40_44]:0.0003; [45_49]:0.0002; [50_54]:0.0001; [55_59]:0.0000; >=60:0.0000,Agriculture_forestry_animalhusbandry_and_fishery:0.0003; Education/Research:0.5396; Hospital staff:0.0504; Company employee:0.2730; Government employee:0.0311; Individual operation/Service staff:0.0917; Worker:0.0140,College_or_Lower:0.2861; Bachelor:0.6443; Graduate:0.0696,Unmarried:0.7622; Married:0.2378,NoChild:0.0867; Has Child:0.9133
46%(2020-01-26_01-05-00),Female:0.6373; Male:0.3627,[18_24]:0.6252; [25_29]:0.2955; [30_34]:0.0726; [35_39]:0.0061; [40_44]:0.0003; [45_49]:0.0002; [50_54]:0.0001; [55_59]:0.0000; >=60:0.0000,Agriculture_forestry_animalhusbandry_and_fishery:0.0003; Education/Research:0.5395; Hospital staff:0.0505; Company employee:0.2729; Government employee:0.0312; Individual operation/Service staff:0.0916; Worker:0.0140,College_or_Lower:0.2866; Bachelor:0.6439; Graduate:0.0695,Unmarried:0.7621; Married:0.2379,NoChild:0.0867; Has Child:0.9133
47%(2020-01-26_09-11-57),Female:0.6362; Male:0.3638,[18_24]:0.6244; [25_29]:0.2959; [30_34]:0.0729; [35_39]:0.0062; [40_44]:0.0003; [45_49]:0.0002; [50_54]:0.0001; [55_59]:0.0000; >=60:0.0000,Agriculture_forestry_animalhusbandry_and_fishery:0.0003; Education/Research:0.5388; Hospital staff:0.0504; Company employee:0.2732; Government employee:0.0312; Individual operation/Service staff:0.0919; Worker:0.0141,College_or_Lower:0.2876; Bachelor:0.6430; Graduate:0.0694,Unmarried:0.7616; Married:0.2384,NoChild:0.0867; Has Child:0.9133
48%(2020-01-26_10-52-13),Female:0.6356; Male:0.3644,[18_24]:0.6243; [25_29]:0.2961; [30_34]:0.0728; [35_39]:0.0061; [40_44]:0.0003; [45_49]:0.0002; [50_54]:0.0001; [55_59]:0.0000; >=60:0.0000,Agriculture_forestry_animalhusbandry_and_fishery:0.0003; Education/Research:0.5388; Hospital staff:0.0505; Company employee:0.2727; Government employee:0.0312; Individual operation/Service staff:0.0923; Worker:0.0142,College_or_Lower:0.2884; Bachelor:0.6423; Graduate:0.0693,Unmarried:0.7619; Married:0.2381,NoChild:0.0867; Has Child:0.9133
49%(2020-01-26_12-13-35),Female:0.6348; Male:0.3652,[18_24]:0.6242; [25_29]:0.2960; [30_34]:0.0729; [35_39]:0.0062; [40_44]:0.0003; [45_49]:0.0002; [50_54]:0.0001; [55_59]:0.0000; >=60:0.0000,Agriculture_forestry_animalhusbandry_and_fishery:0.0003; Education/Research:0.5380; Hospital staff:0.0505; Company employee:0.2728; Government employee:0.0313; Individual operation/Service staff:0.0928; Worker:0.0141,College_or_Lower:0.2893; Bachelor:0.6416; Graduate:0.0691,Unmarried:0.7618; Married:0.2382,NoChild:0.0868; Has Child:0.9132
50%(2020-01-26_13-40-32),Female:0.6339; Male:0.3661,[18_24]:0.6244; [25_29]:0.2959; [30_34]:0.0729; [35_39]:0.0062; [40_44]:0.0003; [45_49]:0.0002; [50_54]:0.0001; [55_59]:0.0000; >=60:0.0000,Agriculture_forestry_animalhusbandry_and_fishery:0.0003; Education/Research:0.5379; Hospital staff:0.0507; Company employee:0.2726; Government employee:0.0312; Individual operation/Service staff:0.0930; Worker:0.0142,College_or_Lower:0.2904; Bachelor:0.6408; Graduate:0.0688,Unmarried:0.7620; Married:0.2380,NoChild:0.0868; Has Child:0.9132
51%(2020-01-26_15-19-26),Female:0.6335; Male:0.3665,[18_24]:0.6241; [25_29]:0.2961; [30_34]:0.0730; [35_39]:0.0062; [40_44]:0.0003; [45_49]:0.0001; [50_54]:0.0001; [55_59]:0.0000; >=60:0.0000,Agriculture_forestry_animalhusbandry_and_fishery:0.0003; Education/Research:0.5376; Hospital staff:0.0508; Company employee:0.2725; Government employee:0.0315; Individual operation/Service staff:0.0932; Worker:0.0142,College_or_Lower:0.2913; Bachelor:0.6401; Graduate:0.0686,Unmarried:0.7619; Married:0.2381,NoChild:0.0869; Has Child:0.9131
52%(2020-01-26_17-01-09),Female:0.6327; Male:0.3673,[18_24]:0.6241; [25_29]:0.2962; [30_34]:0.0728; [35_39]:0.0063; [40_44]:0.0003; [45_49]:0.0001; [50_54]:0.0001; [55_59]:0.0000; >=60:0.0000,Agriculture_forestry_animalhusbandry_and_fishery:0.0003; Education/Research:0.5373; Hospital staff:0.0508; Company employee:0.2725; Government employee:0.0314; Individual operation/Service staff:0.0934; Worker:0.0142,College_or_Lower:0.2919; Bachelor:0.6396; Graduate:0.0684,Unmarried:0.7621; Married:0.2379,NoChild:0.0870; Has Child:0.9130
53%(2020-01-26_18-44-38),Female:0.6317; Male:0.3683,[18_24]:0.6242; [25_29]:0.2960; [30_34]:0.0728; [35_39]:0.0063; [40_44]:0.0003; [45_49]:0.0001; [50_54]:0.0001; [55_59]:0.0000; >=60:0.0000,Agriculture_forestry_animalhusbandry_and_fishery:0.0003; Education/Research:0.5372; Hospital staff:0.0507; Company employee:0.2726; Government employee:0.0314; Individual operation/Service staff:0.0936; Worker:0.0142,College_or_Lower:0.2927; Bachelor:0.6392; Graduate:0.0681,Unmarried:0.7620; Married:0.2380,NoChild:0.0872; Has Child:0.9128
54%(2020-01-26_20-23-31),Female:0.6306; Male:0.3694,[18_24]:0.6241; [25_29]:0.2961; [30_34]:0.0728; [35_39]:0.0064; [40_44]:0.0003; [45_49]:0.0001; [50_54]:0.0001; [55_59]:0.0000; >=60:0.0000,Agriculture_forestry_animalhusbandry_and_fishery:0.0003; Education/Research:0.5370; Hospital staff:0.0507; Company employee:0.2727; Government employee:0.0314; Individual operation/Service staff:0.0936; Worker:0.0143,College_or_Lower:0.2934; Bachelor:0.6387; Graduate:0.0679,Unmarried:0.7622; Married:0.2378,NoChild:0.0875; Has Child:0.9125
55%(2020-01-26_21-59-27),Female:0.6297; Male:0.3703,[18_24]:0.6236; [25_29]:0.2961; [30_34]:0.0733; [35_39]:0.0063; [40_44]:0.0003; [45_49]:0.0001; [50_54]:0.0001; [55_59]:0.0000; >=60:0.0000,Agriculture_forestry_animalhusbandry_and_fishery:0.0003; Education/Research:0.5363; Hospital staff:0.0509; Company employee:0.2730; Government employee:0.0314; Individual operation/Service staff:0.0938; Worker:0.0143,College_or_Lower:0.2937; Bachelor:0.6385; Graduate:0.0677,Unmarried:0.7620; Married:0.2380,NoChild:0.0877; Has Child:0.9123
56%(2020-01-26_23-57-24),Female:0.6289; Male:0.3711,[18_24]:0.6231; [25_29]:0.2964; [30_34]:0.0735; [35_39]:0.0064; [40_44]:0.0003; [45_49]:0.0001; [50_54]:0.0001; [55_59]:0.0000; >=60:0.0000,Agriculture_forestry_animalhusbandry_and_fishery:0.0003; Education/Research:0.5357; Hospital staff:0.0511; Company employee:0.2734; Government employee:0.0314; Individual operation/Service staff:0.0938; Worker:0.0144,College_or_Lower:0.2942; Bachelor:0.6383; Graduate:0.0675,Unmarried:0.7619; Married:0.2381,NoChild:0.0878; Has Child:0.9122
57%(2020-01-27_09-16-28),Female:0.6280; Male:0.3720,[18_24]:0.6227; [25_29]:0.2964; [30_34]:0.0737; [35_39]:0.0064; [40_44]:0.0003; [45_49]:0.0001; [50_54]:0.0001; [55_59]:0.0000; >=60:0.0000,Agriculture_forestry_animalhusbandry_and_fishery:0.0003; Education/Research:0.5351; Hospital staff:0.0511; Company employee:0.2735; Government employee:0.0315; Individual operation/Service staff:0.0941; Worker:0.0144,College_or_Lower:0.2950; Bachelor:0.6374; Graduate:0.0675,Unmarried:0.7615; Married:0.2385,NoChild:0.0879; Has Child:0.9121
58%(2020-01-27_11-46-51),Female:0.6275; Male:0.3725,[18_24]:0.6220; [25_29]:0.2969; [30_34]:0.0740; [35_39]:0.0064; [40_44]:0.0004; [45_49]:0.0001; [50_54]:0.0001; [55_59]:0.0000; >=60:0.0000,Agriculture_forestry_animalhusbandry_and_fishery:0.0003; Education/Research:0.5345; Hospital staff:0.0511; Company employee:0.2737; Government employee:0.0317; Individual operation/Service staff:0.0942; Worker:0.0144,College_or_Lower:0.2954; Bachelor:0.6371; Graduate:0.0676,Unmarried:0.7612; Married:0.2388,NoChild:0.0882; Has Child:0.9118
59%(2020-01-27_14-04-39),Female:0.6271; Male:0.3729,[18_24]:0.6216; [25_29]:0.2973; [30_34]:0.0740; [35_39]:0.0065; [40_44]:0.0004; [45_49]:0.0001; [50_54]:0.0001; [55_59]:0.0000; >=60:0.0000,Agriculture_forestry_animalhusbandry_and_fishery:0.0003; Education/Research:0.5343; Hospital staff:0.0510; Company employee:0.2739; Government employee:0.0318; Individual operation/Service staff:0.0942; Worker:0.0145,College_or_Lower:0.2956; Bachelor:0.6370; Graduate:0.0674,Unmarried:0.7612; Married:0.2388,NoChild:0.0885; Has Child:0.9115
60%(2020-01-27_16-32-03),Female:0.6266; Male:0.3734,[18_24]:0.6214; [25_29]:0.2974; [30_34]:0.0740; [35_39]:0.0064; [40_44]:0.0004; [45_49]:0.0001; [50_54]:0.0001; [55_59]:0.0001; >=60:0.0000,Agriculture_forestry_animalhusbandry_and_fishery:0.0003; Education/Research:0.5339; Hospital staff:0.0511; Company employee:0.2739; Government employee:0.0318; Individual operation/Service staff:0.0943; Worker:0.0146,College_or_Lower:0.2961; Bachelor:0.6367; Graduate:0.0672,Unmarried:0.7614; Married:0.2386,NoChild:0.0886; Has Child:0.9114
61%(2020-01-27_18-56-16),Female:0.6257; Male:0.3743,[18_24]:0.6212; [25_29]:0.2975; [30_34]:0.0741; [35_39]:0.0064; [40_44]:0.0004; [45_49]:0.0001; [50_54]:0.0001; [55_59]:0.0001; >=60:0.0000,Agriculture_forestry_animalhusbandry_and_fishery:0.0003; Education/Research:0.5335; Hospital staff:0.0512; Company employee:0.2741; Government employee:0.0318; Individual operation/Service staff:0.0944; Worker:0.0147,College_or_Lower:0.2967; Bachelor:0.6361; Graduate:0.0672,Unmarried:0.7617; Married:0.2383,NoChild:0.0891; Has Child:0.9109
62%(2020-01-27_21-06-32),Female:0.6251; Male:0.3749,[18_24]:0.6209; [25_29]:0.2978; [30_34]:0.0742; [35_39]:0.0064; [40_44]:0.0004; [45_49]:0.0001; [50_54]:0.0001; [55_59]:0.0001; >=60:0.0000,Agriculture_forestry_animalhusbandry_and_fishery:0.0003; Education/Research:0.5330; Hospital staff:0.0512; Company employee:0.2742; Government employee:0.0319; Individual operation/Service staff:0.0947; Worker:0.0147,College_or_Lower:0.2971; Bachelor:0.6358; Graduate:0.0671,Unmarried:0.7616; Married:0.2384,NoChild:0.0894; Has Child:0.9106
63%(2020-01-27_23-44-35),Female:0.6248; Male:0.3752,[18_24]:0.6204; [25_29]:0.2981; [30_34]:0.0743; [35_39]:0.0064; [40_44]:0.0004; [45_49]:0.0001; [50_54]:0.0001; [55_59]:0.0001; >=60:0.0000,Agriculture_forestry_animalhusbandry_and_fishery:0.0003; Education/Research:0.5325; Hospital staff:0.0511; Company employee:0.2746; Government employee:0.0320; Individual operation/Service staff:0.0948; Worker:0.0147,College_or_Lower:0.2976; Bachelor:0.6353; Graduate:0.0671,Unmarried:0.7613; Married:0.2387,NoChild:0.0897; Has Child:0.9103
63.06%(2020-01-27_23-59-59),Female:0.6247; Male:0.3753,[18_24]:0.6204; [25_29]:0.2981; [30_34]:0.0743; [35_39]:0.0064; [40_44]:0.0004; [45_49]:0.0001; [50_54]:0.0001; [55_59]:0.0001; >=60:0.0000,Agriculture_forestry_animalhusbandry_and_fishery:0.0003; Education/Research:0.5324; Hospital staff:0.0512; Company employee:0.2747; Government employee:0.0320; Individual operation/Service staff:0.0948; Worker:0.0147,College_or_Lower:0.2977; Bachelor:0.6352; Graduate:0.0671,Unmarried:0.7613; Married:0.2387,NoChild:0.0897; Has Child:0.9103
64%(2020-01-28_10-06-07),Female:0.6237; Male:0.3763,[18_24]:0.6197; [25_29]:0.2986; [30_34]:0.0745; [35_39]:0.0065; [40_44]:0.0004; [45_49]:0.0001; [50_54]:0.0001; [55_59]:0.0001; >=60:0.0000,Agriculture_forestry_animalhusbandry_and_fishery:0.0003; Education/Research:0.5317; Hospital staff:0.0513; Company employee:0.2752; Government employee:0.0320; Individual operation/Service staff:0.0948; Worker:0.0147,College_or_Lower:0.2986; Bachelor:0.6344; Graduate:0.0670,Unmarried:0.7610; Married:0.2390,NoChild:0.0897; Has Child:0.9103
65%(2020-01-28_12-49-45),Female:0.6231; Male:0.3769,[18_24]:0.6191; [25_29]:0.2989; [30_34]:0.0748; [35_39]:0.0064; [40_44]:0.0004; [45_49]:0.0001; [50_54]:0.0001; [55_59]:0.0001; >=60:0.0001,Agriculture_forestry_animalhusbandry_and_fishery:0.0003; Education/Research:0.5310; Hospital staff:0.0513; Company employee:0.2753; Government employee:0.0321; Individual operation/Service staff:0.0951; Worker:0.0148,College_or_Lower:0.2987; Bachelor:0.6344; Graduate:0.0669,Unmarried:0.7610; Married:0.2390,NoChild:0.0899; Has Child:0.9101
66%(2020-01-28_15-38-27),Female:0.6228; Male:0.3772,[18_24]:0.6186; [25_29]:0.2993; [30_34]:0.0750; [35_39]:0.0064; [40_44]:0.0004; [45_49]:0.0001; [50_54]:0.0001; [55_59]:0.0001; >=60:0.0001,Agriculture_forestry_animalhusbandry_and_fishery:0.0003; Education/Research:0.5306; Hospital staff:0.0514; Company employee:0.2757; Government employee:0.0321; Individual operation/Service staff:0.0951; Worker:0.0148,College_or_Lower:0.2992; Bachelor:0.6338; Graduate:0.0671,Unmarried:0.7609; Married:0.2391,NoChild:0.0900; Has Child:0.9100
67%(2020-01-28_18-23-16),Female:0.6222; Male:0.3778,[18_24]:0.6179; [25_29]:0.2995; [30_34]:0.0754; [35_39]:0.0064; [40_44]:0.0004; [45_49]:0.0001; [50_54]:0.0001; [55_59]:0.0001; >=60:0.0001,Agriculture_forestry_animalhusbandry_and_fishery:0.0003; Education/Research:0.5300; Hospital staff:0.0514; Company employee:0.2759; Government employee:0.0322; Individual operation/Service staff:0.0952; Worker:0.0149,College_or_Lower:0.2994; Bachelor:0.6337; Graduate:0.0670,Unmarried:0.7607; Married:0.2393,NoChild:0.0902; Has Child:0.9098
68%(2020-01-28_20-53-33),Female:0.6214; Male:0.3786,[18_24]:0.6174; [25_29]:0.2998; [30_34]:0.0755; [35_39]:0.0064; [40_44]:0.0004; [45_49]:0.0001; [50_54]:0.0001; [55_59]:0.0001; >=60:0.0001,Agriculture_forestry_animalhusbandry_and_fishery:0.0003; Education/Research:0.5295; Hospital staff:0.0513; Company employee:0.2764; Government employee:0.0323; Individual operation/Service staff:0.0953; Worker:0.0149,College_or_Lower:0.2996; Bachelor:0.6334; Graduate:0.0670,Unmarried:0.7604; Married:0.2396,NoChild:0.0905; Has Child:0.9095
69%(2020-01-28_23-57-45),Female:0.6206; Male:0.3794,[18_24]:0.6166; [25_29]:0.3004; [30_34]:0.0758; [35_39]:0.0065; [40_44]:0.0004; [45_49]:0.0001; [50_54]:0.0001; [55_59]:0.0000; >=60:0.0001,Agriculture_forestry_animalhusbandry_and_fishery:0.0003; Education/Research:0.5289; Hospital staff:0.0514; Company employee:0.2766; Government employee:0.0324; Individual operation/Service staff:0.0954; Worker:0.0149,College_or_Lower:0.3000; Bachelor:0.6330; Graduate:0.0670,Unmarried:0.7603; Married:0.2397,NoChild:0.0906; Has Child:0.9094
70%(2020-01-29_10-56-34),Female:0.6198; Male:0.3802,[18_24]:0.6158; [25_29]:0.3008; [30_34]:0.0761; [35_39]:0.0066; [40_44]:0.0004; [45_49]:0.0001; [50_54]:0.0001; [55_59]:0.0000; >=60:0.0001,Agriculture_forestry_animalhusbandry_and_fishery:0.0003; Education/Research:0.5282; Hospital staff:0.0514; Company employee:0.2771; Government employee:0.0325; Individual operation/Service staff:0.0955; Worker:0.0149,College_or_Lower:0.3003; Bachelor:0.6327; Graduate:0.0670,Unmarried:0.7601; Married:0.2399,NoChild:0.0907; Has Child:0.9093
71%(2020-01-29_14-38-59),Female:0.6192; Male:0.3808,[18_24]:0.6154; [25_29]:0.3010; [30_34]:0.0762; [35_39]:0.0066; [40_44]:0.0004; [45_49]:0.0002; [50_54]:0.0001; [55_59]:0.0000; >=60:0.0001,Agriculture_forestry_animalhusbandry_and_fishery:0.0003; Education/Research:0.5275; Hospital staff:0.0515; Company employee:0.2777; Government employee:0.0325; Individual operation/Service staff:0.0955; Worker:0.0150,College_or_Lower:0.3008; Bachelor:0.6324; Graduate:0.0668,Unmarried:0.7600; Married:0.2400,NoChild:0.0908; Has Child:0.9092
72%(2020-01-29_18-25-41),Female:0.6182; Male:0.3818,[18_24]:0.6149; [25_29]:0.3012; [30_34]:0.0765; [35_39]:0.0066; [40_44]:0.0004; [45_49]:0.0002; [50_54]:0.0001; [55_59]:0.0000; >=60:0.0001,Agriculture_forestry_animalhusbandry_and_fishery:0.0003; Education/Research:0.5271; Hospital staff:0.0515; Company employee:0.2779; Government employee:0.0326; Individual operation/Service staff:0.0956; Worker:0.0150,College_or_Lower:0.3011; Bachelor:0.6320; Graduate:0.0670,Unmarried:0.7601; Married:0.2399,NoChild:0.0910; Has Child:0.9090
73%(2020-01-29_21-46-50),Female:0.6180; Male:0.3820,[18_24]:0.6147; [25_29]:0.3012; [30_34]:0.0767; [35_39]:0.0066; [40_44]:0.0004; [45_49]:0.0002; [50_54]:0.0001; [55_59]:0.0000; >=60:0.0001,Agriculture_forestry_animalhusbandry_and_fishery:0.0003; Education/Research:0.5267; Hospital staff:0.0515; Company employee:0.2784; Government employee:0.0326; Individual operation/Service staff:0.0956; Worker:0.0150,College_or_Lower:0.3014; Bachelor:0.6316; Graduate:0.0670,Unmarried:0.7600; Married:0.2400,NoChild:0.0912; Has Child:0.9088
74%(2020-01-30_09-03-50),Female:0.6176; Male:0.3824,[18_24]:0.6141; [25_29]:0.3015; [30_34]:0.0769; [35_39]:0.0067; [40_44]:0.0004; [45_49]:0.0002; [50_54]:0.0001; [55_59]:0.0000; >=60:0.0001,Agriculture_forestry_animalhusbandry_and_fishery:0.0003; Education/Research:0.5261; Hospital staff:0.0515; Company employee:0.2788; Government employee:0.0326; Individual operation/Service staff:0.0957; Worker:0.0150,College_or_Lower:0.3018; Bachelor:0.6312; Graduate:0.0670,Unmarried:0.7597; Married:0.2403,NoChild:0.0912; Has Child:0.9088
75%(2020-01-30_13-46-12),Female:0.6169; Male:0.3831,[18_24]:0.6137; [25_29]:0.3017; [30_34]:0.0771; [35_39]:0.0067; [40_44]:0.0004; [45_49]:0.0002; [50_54]:0.0001; [55_59]:0.0000; >=60:0.0001,Agriculture_forestry_animalhusbandry_and_fishery:0.0003; Education/Research:0.5258; Hospital staff:0.0515; Company employee:0.2789; Government employee:0.0327; Individual operation/Service staff:0.0958; Worker:0.0150,College_or_Lower:0.3022; Bachelor:0.6308; Graduate:0.0670,Unmarried:0.7596; Married:0.2404,NoChild:0.0913; Has Child:0.9087
76%(2020-01-30_18-13-54),Female:0.6164; Male:0.3836,[18_24]:0.6133; [25_29]:0.3020; [30_34]:0.0772; [35_39]:0.0067; [40_44]:0.0004; [45_49]:0.0002; [50_54]:0.0001; [55_59]:0.0000; >=60:0.0001,Agriculture_forestry_animalhusbandry_and_fishery:0.0003; Education/Research:0.5253; Hospital staff:0.0514; Company employee:0.2793; Government employee:0.0328; Individual operation/Service staff:0.0958; Worker:0.0150,College_or_Lower:0.3028; Bachelor:0.6302; Graduate:0.0670,Unmarried:0.7597; Married:0.2403,NoChild:0.0914; Has Child:0.9086
77%(2020-01-30_21-58-50),Female:0.6160; Male:0.3840,[18_24]:0.6129; [25_29]:0.3022; [30_34]:0.0775; [35_39]:0.0067; [40_44]:0.0004; [45_49]:0.0002; [50_54]:0.0001; [55_59]:0.0000; >=60:0.0001,Agriculture_forestry_animalhusbandry_and_fishery:0.0003; Education/Research:0.5248; Hospital staff:0.0514; Company employee:0.2798; Government employee:0.0328; Individual operation/Service staff:0.0958; Worker:0.0151,College_or_Lower:0.3029; Bachelor:0.6301; Graduate:0.0670,Unmarried:0.7595; Married:0.2405,NoChild:0.0917; Has Child:0.9083
78%(2020-01-31_10-00-05),Female:0.6155; Male:0.3845,[18_24]:0.6121; [25_29]:0.3027; [30_34]:0.0777; [35_39]:0.0067; [40_44]:0.0004; [45_49]:0.0002; [50_54]:0.0001; [55_59]:0.0000; >=60:0.0001,Agriculture_forestry_animalhusbandry_and_fishery:0.0003; Education/Research:0.5241; Hospital staff:0.0514; Company employee:0.2801; Government employee:0.0330; Individual operation/Service staff:0.0960; Worker:0.0151,College_or_Lower:0.3032; Bachelor:0.6297; Graduate:0.0671,Unmarried:0.7590; Married:0.2410,NoChild:0.0917; Has Child:0.9083
79%(2020-01-31_14-41-35),Female:0.6151; Male:0.3849,[18_24]:0.6118; [25_29]:0.3030; [30_34]:0.0778; [35_39]:0.0067; [40_44]:0.0004; [45_49]:0.0002; [50_54]:0.0001; [55_59]:0.0000; >=60:0.0001,Agriculture_forestry_animalhusbandry_and_fishery:0.0003; Education/Research:0.5239; Hospital staff:0.0514; Company employee:0.2803; Government employee:0.0329; Individual operation/Service staff:0.0960; Worker:0.0151,College_or_Lower:0.3032; Bachelor:0.6297; Graduate:0.0672,Unmarried:0.7592; Married:0.2408,NoChild:0.0918; Has Child:0.9082
80%(2020-01-31_19-14-42),Female:0.6145; Male:0.3855,[18_24]:0.6115; [25_29]:0.3032; [30_34]:0.0779; [35_39]:0.0067; [40_44]:0.0004; [45_49]:0.0002; [50_54]:0.0001; [55_59]:0.0000; >=60:0.0001,Agriculture_forestry_animalhusbandry_and_fishery:0.0003; Education/Research:0.5237; Hospital staff:0.0514; Company employee:0.2804; Government employee:0.0329; Individual operation/Service staff:0.0961; Worker:0.0152,College_or_Lower:0.3034; Bachelor:0.6294; Graduate:0.0672,Unmarried:0.7593; Married:0.2407,NoChild:0.0920; Has Child:0.9080
81%(2020-01-31_23-31-35),Female:0.6142; Male:0.3858,[18_24]:0.6108; [25_29]:0.3036; [30_34]:0.0781; [35_39]:0.0067; [40_44]:0.0004; [45_49]:0.0002; [50_54]:0.0001; [55_59]:0.0000; >=60:0.0001,Agriculture_forestry_animalhusbandry_and_fishery:0.0003; Education/Research:0.5231; Hospital staff:0.0514; Company employee:0.2809; Government employee:0.0329; Individual operation/Service staff:0.0962; Worker:0.0151,College_or_Lower:0.3038; Bachelor:0.6290; Graduate:0.0672,Unmarried:0.7591; Married:0.2409,NoChild:0.0921; Has Child:0.9079
81.09%(2020-01-31_23-59-59),Female:0.6142; Male:0.3858,[18_24]:0.6108; [25_29]:0.3036; [30_34]:0.0781; [35_39]:0.0067; [40_44]:0.0004; [45_49]:0.0002; [50_54]:0.0001; [55_59]:0.0000; >=60:0.0001,Agriculture_forestry_animalhusbandry_and_fishery:0.0003; Education/Research:0.5231; Hospital staff:0.0514; Company employee:0.2810; Government employee:0.0329; Individual operation/Service staff:0.0961; Worker:0.0151,College_or_Lower:0.3039; Bachelor:0.6289; Graduate:0.0672,Unmarried:0.7591; Married:0.2409,NoChild:0.0921; Has Child:0.9079
82%(2020-02-01_12-01-57),Female:0.6136; Male:0.3864,[18_24]:0.6103; [25_29]:0.3039; [30_34]:0.0783; [35_39]:0.0068; [40_44]:0.0004; [45_49]:0.0002; [50_54]:0.0001; [55_59]:0.0000; >=60:0.0001,Agriculture_forestry_animalhusbandry_and_fishery:0.0003; Education/Research:0.5227; Hospital staff:0.0514; Company employee:0.2812; Government employee:0.0330; Individual operation/Service staff:0.0963; Worker:0.0152,College_or_Lower:0.3043; Bachelor:0.6283; Graduate:0.0673,Unmarried:0.7590; Married:0.2410,NoChild:0.0921; Has Child:0.9079
83%(2020-02-01_17-21-51),Female:0.6132; Male:0.3868,[18_24]:0.6102; [25_29]:0.3039; [30_34]:0.0784; [35_39]:0.0068; [40_44]:0.0004; [45_49]:0.0002; [50_54]:0.0001; [55_59]:0.0000; >=60:0.0001,Agriculture_forestry_animalhusbandry_and_fishery:0.0003; Education/Research:0.5225; Hospital staff:0.0514; Company employee:0.2812; Government employee:0.0330; Individual operation/Service staff:0.0964; Worker:0.0152,College_or_Lower:0.3044; Bachelor:0.6284; Graduate:0.0672,Unmarried:0.7589; Married:0.2411,NoChild:0.0924; Has Child:0.9076
84%(2020-02-01_22-17-59),Female:0.6128; Male:0.3872,[18_24]:0.6099; [25_29]:0.3041; [30_34]:0.0784; [35_39]:0.0068; [40_44]:0.0004; [45_49]:0.0002; [50_54]:0.0001; [55_59]:0.0000; >=60:0.0001,Agriculture_forestry_animalhusbandry_and_fishery:0.0003; Education/Research:0.5221; Hospital staff:0.0515; Company employee:0.2813; Government employee:0.0331; Individual operation/Service staff:0.0965; Worker:0.0152,College_or_Lower:0.3049; Bachelor:0.6279; Graduate:0.0673,Unmarried:0.7589; Married:0.2411,NoChild:0.0926; Has Child:0.9074
85%(2020-02-02_11-06-50),Female:0.6124; Male:0.3876,[18_24]:0.6094; [25_29]:0.3045; [30_34]:0.0786; [35_39]:0.0069; [40_44]:0.0004; [45_49]:0.0002; [50_54]:0.0001; [55_59]:0.0000; >=60:0.0001,Agriculture_forestry_animalhusbandry_and_fishery:0.0003; Education/Research:0.5218; Hospital staff:0.0515; Company employee:0.2816; Government employee:0.0331; Individual operation/Service staff:0.0965; Worker:0.0152,College_or_Lower:0.3051; Bachelor:0.6276; Graduate:0.0673,Unmarried:0.7587; Married:0.2413,NoChild:0.0926; Has Child:0.9074
86%(2020-02-02_16-14-30),Female:0.6115; Male:0.3885,[18_24]:0.6089; [25_29]:0.3049; [30_34]:0.0786; [35_39]:0.0068; [40_44]:0.0004; [45_49]:0.0002; [50_54]:0.0001; [55_59]:0.0000; >=60:0.0001,Agriculture_forestry_animalhusbandry_and_fishery:0.0003; Education/Research:0.5215; Hospital staff:0.0516; Company employee:0.2819; Government employee:0.0331; Individual operation/Service staff:0.0964; Worker:0.0152,College_or_Lower:0.3053; Bachelor:0.6274; Graduate:0.0673,Unmarried:0.7586; Married:0.2414,NoChild:0.0927; Has Child:0.9073
87%(2020-02-02_21-11-52),Female:0.6109; Male:0.3891,[18_24]:0.6085; [25_29]:0.3051; [30_34]:0.0787; [35_39]:0.0069; [40_44]:0.0004; [45_49]:0.0002; [50_54]:0.0001; [55_59]:0.0000; >=60:0.0001,Agriculture_forestry_animalhusbandry_and_fishery:0.0003; Education/Research:0.5213; Hospital staff:0.0516; Company employee:0.2820; Government employee:0.0330; Individual operation/Service staff:0.0965; Worker:0.0152,College_or_Lower:0.3054; Bachelor:0.6275; Graduate:0.0672,Unmarried:0.7583; Married:0.2417,NoChild:0.0927; Has Child:0.9073
87.49%(2020-02-02_23-59-59),Female:0.6105; Male:0.3895,[18_24]:0.6085; [25_29]:0.3051; [30_34]:0.0788; [35_39]:0.0069; [40_44]:0.0004; [45_49]:0.0002; [50_54]:0.0001; [55_59]:0.0000; >=60:0.0001,Agriculture_forestry_animalhusbandry_and_fishery:0.0003; Education/Research:0.5211; Hospital staff:0.0516; Company employee:0.2821; Government employee:0.0330; Individual operation/Service staff:0.0966; Worker:0.0152,College_or_Lower:0.3054; Bachelor:0.6275; Graduate:0.0671,Unmarried:0.7585; Married:0.2415,NoChild:0.0927; Has Child:0.9073
88%(2020-02-03_11-33-38),Female:0.6102; Male:0.3898,[18_24]:0.6083; [25_29]:0.3052; [30_34]:0.0789; [35_39]:0.0069; [40_44]:0.0004; [45_49]:0.0002; [50_54]:0.0001; [55_59]:0.0000; >=60:0.0001,Agriculture_forestry_animalhusbandry_and_fishery:0.0003; Education/Research:0.5208; Hospital staff:0.0516; Company employee:0.2823; Government employee:0.0330; Individual operation/Service staff:0.0967; Worker:0.0152,College_or_Lower:0.3054; Bachelor:0.6275; Graduate:0.0671,Unmarried:0.7585; Married:0.2415,NoChild:0.0927; Has Child:0.9073
89%(2020-02-03_22-23-43),Female:0.6095; Male:0.3905,[18_24]:0.6078; [25_29]:0.3054; [30_34]:0.0790; [35_39]:0.0070; [40_44]:0.0004; [45_49]:0.0001; [50_54]:0.0001; [55_59]:0.0000; >=60:0.0001,Agriculture_forestry_animalhusbandry_and_fishery:0.0004; Education/Research:0.5205; Hospital staff:0.0516; Company employee:0.2824; Government employee:0.0331; Individual operation/Service staff:0.0968; Worker:0.0152,College_or_Lower:0.3056; Bachelor:0.6274; Graduate:0.0670,Unmarried:0.7583; Married:0.2417,NoChild:0.0927; Has Child:0.9073
89.12%(2020-02-03_23-59-59),Female:0.6094; Male:0.3906,[18_24]:0.6078; [25_29]:0.3054; [30_34]:0.0790; [35_39]:0.0070; [40_44]:0.0004; [45_49]:0.0001; [50_54]:0.0001; [55_59]:0.0000; >=60:0.0001,Agriculture_forestry_animalhusbandry_and_fishery:0.0004; Education/Research:0.5205; Hospital staff:0.0516; Company employee:0.2824; Government employee:0.0331; Individual operation/Service staff:0.0968; Worker:0.0152,College_or_Lower:0.3057; Bachelor:0.6272; Graduate:0.0670,Unmarried:0.7583; Married:0.2417,NoChild:0.0926; Has Child:0.9074
90%(2020-02-04_19-48-43),Female:0.6087; Male:0.3913,[18_24]:0.6075; [25_29]:0.3057; [30_34]:0.0791; [35_39]:0.0070; [40_44]:0.0004; [45_49]:0.0001; [50_54]:0.0001; [55_59]:0.0000; >=60:0.0001,Agriculture_forestry_animalhusbandry_and_fishery:0.0003; Education/Research:0.5202; Hospital staff:0.0516; Company employee:0.2827; Government employee:0.0331; Individual operation/Service staff:0.0968; Worker:0.0153,College_or_Lower:0.3060; Bachelor:0.6267; Graduate:0.0672,Unmarried:0.7582; Married:0.2418,NoChild:0.0929; Has Child:0.9071
91%(2020-02-05_17-48-03),Female:0.6082; Male:0.3918,[18_24]:0.6069; [25_29]:0.3060; [30_34]:0.0793; [35_39]:0.0070; [40_44]:0.0004; [45_49]:0.0002; [50_54]:0.0001; [55_59]:0.0000; >=60:0.0001,Agriculture_forestry_animalhusbandry_and_fishery:0.0003; Education/Research:0.5198; Hospital staff:0.0516; Company employee:0.2830; Government employee:0.0331; Individual operation/Service staff:0.0969; Worker:0.0153,College_or_Lower:0.3062; Bachelor:0.6266; Graduate:0.0673,Unmarried:0.7581; Married:0.2419,NoChild:0.0930; Has Child:0.9070
92%(2020-02-06_15-22-33),Female:0.6073; Male:0.3927,[18_24]:0.6066; [25_29]:0.3061; [30_34]:0.0795; [35_39]:0.0070; [40_44]:0.0004; [45_49]:0.0002; [50_54]:0.0001; [55_59]:0.0000; >=60:0.0001,Agriculture_forestry_animalhusbandry_and_fishery:0.0003; Education/Research:0.5197; Hospital staff:0.0517; Company employee:0.2831; Government employee:0.0330; Individual operation/Service staff:0.0969; Worker:0.0153,College_or_Lower:0.3063; Bachelor:0.6264; Graduate:0.0673,Unmarried:0.7580; Married:0.2420,NoChild:0.0932; Has Child:0.9068
93%(2020-02-07_14-42-29),Female:0.6068; Male:0.3932,[18_24]:0.6061; [25_29]:0.3065; [30_34]:0.0796; [35_39]:0.0070; [40_44]:0.0004; [45_49]:0.0002; [50_54]:0.0001; [55_59]:0.0000; >=60:0.0001,Agriculture_forestry_animalhusbandry_and_fishery:0.0003; Education/Research:0.5193; Hospital staff:0.0517; Company employee:0.2833; Government employee:0.0330; Individual operation/Service staff:0.0970; Worker:0.0153,College_or_Lower:0.3066; Bachelor:0.6261; Graduate:0.0674,Unmarried:0.7581; Married:0.2419,NoChild:0.0932; Has Child:0.9068
94%(2020-02-08_15-00-02),Female:0.6063; Male:0.3937,[18_24]:0.6057; [25_29]:0.3068; [30_34]:0.0798; [35_39]:0.0070; [40_44]:0.0004; [45_49]:0.0002; [50_54]:0.0001; [55_59]:0.0000; >=60:0.0001,Agriculture_forestry_animalhusbandry_and_fishery:0.0003; Education/Research:0.5190; Hospital staff:0.0517; Company employee:0.2837; Government employee:0.0330; Individual operation/Service staff:0.0971; Worker:0.0153,College_or_Lower:0.3069; Bachelor:0.6257; Graduate:0.0674,Unmarried:0.7582; Married:0.2418,NoChild:0.0934; Has Child:0.9066
95%(2020-02-09_17-49-55),Female:0.6060; Male:0.3940,[18_24]:0.6051; [25_29]:0.3070; [30_34]:0.0801; [35_39]:0.0071; [40_44]:0.0004; [45_49]:0.0002; [50_54]:0.0001; [55_59]:0.0000; >=60:0.0001,Agriculture_forestry_animalhusbandry_and_fishery:0.0003; Education/Research:0.5184; Hospital staff:0.0517; Company employee:0.2841; Government employee:0.0330; Individual operation/Service staff:0.0970; Worker:0.0154,College_or_Lower:0.3071; Bachelor:0.6253; Graduate:0.0676,Unmarried:0.7578; Married:0.2422,NoChild:0.0934; Has Child:0.9066
